[{"id":"user-image-Screenshot2023-10-12at10.05.02PM.png","publicUrl":"np://user.desktop.nicepage.com/Site_38157201/images/Screenshot2023-10-12at10.05.02PM.png","size":2033859,"hash":"yV2zpldmLvQVG4bAA+c5q2llJ4Y=","fileName":"Screenshot2023-10-12at10.05.02PM.png","name":"Screenshot2023-10-12at10.05.02PM","width":2086,"height":1192,"thumbnail":{"url":"np://user.desktop.nicepage.com/Site_38157201/images/thumbnails/Screenshot2023-10-12at10.05.02PM.png","width":250,"height":143},"folderId":null,"usages":["250869743"]},{"id":"user-image-WhatsAppImage2023-10-12at9.51.53PM.jpeg","publicUrl":"np://user.desktop.nicepage.com/Site_38157201/images/WhatsAppImage2023-10-12at9.51.53PM.jpeg","size":198503,"hash":"Kmbt7H8nGpIp1XBOvBZNv8XyTjc=","fileName":"WhatsAppImage2023-10-12at9.51.53PM.jpeg","name":"WhatsAppImage2023-10-12at9.51.53PM","width":1600,"height":1205,"thumbnail":{"url":"np://user.desktop.nicepage.com/Site_38157201/images/thumbnails/WhatsAppImage2023-10-12at9.51.53PM.jpeg","width":250,"height":188},"folderId":null,"usages":["250869743"]},{"id":"user-image-Screenshot2023-10-12at9.49.27PM.png","publicUrl":"np://user.desktop.nicepage.com/Site_38157201/images/Screenshot2023-10-12at9.49.27PM.png","size":169703,"hash":"6urRpufmGaxmCns5000lTo0Va48=","fileName":"Screenshot2023-10-12at9.49.27PM.png","name":"Screenshot2023-10-12at9.49.27PM","width":1718,"height":776,"thumbnail":{"url":"np://user.desktop.nicepage.com/Site_38157201/images/thumbnails/Screenshot2023-10-12at9.49.27PM.png","width":250,"height":113},"folderId":null,"usages":["250869743"]},{"id":"user-image-Screenshot2023-10-12at9.40.29PM.png","publicUrl":"np://user.desktop.nicepage.com/Site_38157201/images/Screenshot2023-10-12at9.40.29PM.png","size":2128488,"hash":"4QneAGKHbRmVhZ/sVcgOB3ZoPf0=","fileName":"Screenshot2023-10-12at9.40.29PM.png","name":"Screenshot2023-10-12at9.40.29PM","width":2760,"height":1522,"thumbnail":{"url":"np://user.desktop.nicepage.com/Site_38157201/images/thumbnails/Screenshot2023-10-12at9.40.29PM.png","width":250,"height":138},"folderId":null,"usages":["250869743"]},{"id":"user-image-WhatsAppImage2023-10-12at9.36.32PM.jpeg","publicUrl":"np://user.desktop.nicepage.com/Site_38157201/images/WhatsAppImage2023-10-12at9.36.32PM.jpeg","size":140637,"hash":"OyoAJeSSf+bvJ8m10bLnMMZBsgk=","fileName":"WhatsAppImage2023-10-12at9.36.32PM.jpeg","name":"WhatsAppImage2023-10-12at9.36.32PM","width":1080,"height":1080,"thumbnail":{"url":"np://user.desktop.nicepage.com/Site_38157201/images/thumbnails/WhatsAppImage2023-10-12at9.36.32PM.jpeg","width":250,"height":250},"folderId":null,"usages":["250869743"]},{"id":"user-image-Screenshot2023-10-12at9.32.16PM.png","publicUrl":"np://user.desktop.nicepage.com/Site_38157201/images/Screenshot2023-10-12at9.32.16PM.png","size":181289,"hash":"XxqRTMT36XhuJNpqZtFtyscPgiY=","fileName":"Screenshot2023-10-12at9.32.16PM.png","name":"Screenshot2023-10-12at9.32.16PM","width":1392,"height":998,"thumbnail":{"url":"np://user.desktop.nicepage.com/Site_38157201/images/thumbnails/Screenshot2023-10-12at9.32.16PM.png","width":250,"height":179},"folderId":null,"usages":["250869743"]},{"id":"user-image-Screenshot2023-10-12at9.28.05PM.png","publicUrl":"np://user.desktop.nicepage.com/Site_38157201/images/Screenshot2023-10-12at9.28.05PM.png","size":3331521,"hash":"XPfv78H1SzUKQol10TZo+dX9vVI=","fileName":"Screenshot2023-10-12at9.28.05PM.png","name":"Screenshot2023-10-12at9.28.05PM","width":1394,"height":1536,"thumbnail":{"url":"np://user.desktop.nicepage.com/Site_38157201/images/thumbnails/Screenshot2023-10-12at9.28.05PM.png","width":227,"height":250},"folderId":null,"usages":["250869743"]},{"id":"user-image-Screenshot2023-10-12at9.25.05PM.png","publicUrl":"np://user.desktop.nicepage.com/Site_38157201/images/Screenshot2023-10-12at9.25.05PM.png","size":2527592,"hash":"dvlYK3YtTj6xvhvkO3t8Hm1LxPM=","fileName":"Screenshot2023-10-12at9.25.05PM.png","name":"Screenshot2023-10-12at9.25.05PM","width":1912,"height":1248,"thumbnail":{"url":"np://user.desktop.nicepage.com/Site_38157201/images/thumbnails/Screenshot2023-10-12at9.25.05PM.png","width":250,"height":163},"folderId":null,"usages":["250869743"]},{"id":"user-image-Screenshot2023-10-12at9.18.09PM.png","publicUrl":"np://user.desktop.nicepage.com/Site_38157201/images/Screenshot2023-10-12at9.18.09PM.png","size":1934930,"hash":"xd6syJfLZDQQlTgk3C2L6cK/J8I=","fileName":"Screenshot2023-10-12at9.18.09PM.png","name":"Screenshot2023-10-12at9.18.09PM","width":1486,"height":888,"thumbnail":{"url":"np://user.desktop.nicepage.com/Site_38157201/images/thumbnails/Screenshot2023-10-12at9.18.09PM.png","width":250,"height":149},"folderId":null,"usages":["250869743"]},{"id":"user-image-Screenshot2023-10-12at9.14.27PM.png","publicUrl":"np://user.desktop.nicepage.com/Site_38157201/images/Screenshot2023-10-12at9.14.27PM.png","size":1746085,"hash":"Q7GTFlPdrQp478Uzb/aJ1zLKoD0=","fileName":"Screenshot2023-10-12at9.14.27PM.png","name":"Screenshot2023-10-12at9.14.27PM","width":1804,"height":796,"thumbnail":{"url":"np://user.desktop.nicepage.com/Site_38157201/images/thumbnails/Screenshot2023-10-12at9.14.27PM.png","width":250,"height":110},"folderId":null,"usages":["250869743"]},{"id":"user-image-WhatsAppImage2023-10-12at6.38.13PM1.jpeg","publicUrl":"np://user.desktop.nicepage.com/Site_38157201/images/WhatsAppImage2023-10-12at6.38.13PM1.jpeg","size":87369,"hash":"fSuj831wlLeLtcqfvZz+eQlCIcQ=","fileName":"WhatsAppImage2023-10-12at6.38.13PM1.jpeg","name":"WhatsAppImage2023-10-12at6.38.13PM1","width":846,"height":1280,"thumbnail":{"url":"np://user.desktop.nicepage.com/Site_38157201/images/thumbnails/WhatsAppImage2023-10-12at6.38.13PM1.jpeg","width":165,"height":250},"folderId":null,"usages":[]},{"id":"user-image-WhatsAppImage2023-10-12at6.38.13PM.jpeg","publicUrl":"np://user.desktop.nicepage.com/Site_38157201/images/WhatsAppImage2023-10-12at6.38.13PM.jpeg","size":219143,"hash":"8ULIc7PpFWEdmoH2fgDANcQ8e54=","fileName":"WhatsAppImage2023-10-12at6.38.13PM.jpeg","name":"WhatsAppImage2023-10-12at6.38.13PM","width":935,"height":1280,"thumbnail":{"url":"np://user.desktop.nicepage.com/Site_38157201/images/thumbnails/WhatsAppImage2023-10-12at6.38.13PM.jpeg","width":183,"height":250},"folderId":null,"usages":["250869743"]},{"id":"user-image-959159.png","publicUrl":"np://user.desktop.nicepage.com/Site_38157201/images/959159.png","size":1930,"hash":"iYlZaaVbyxaA+qtoKnkg1AmcVmI=","fileName":"959159.png","name":"959159","width":128,"height":128,"thumbnail":{"url":"np://user.desktop.nicepage.com/Site_38157201/images/thumbnails/959159.png","width":128,"height":128,"length":1930,"type":"png"},"folderId":null,"originalUrl":"//images01.nicepagecdn.com/c461c07a441a5d220e8feb1a/46802cb050e858f4a7e6348f/959159.png","usages":["250869743"]},{"id":"user-image-hghhy.jpg","publicUrl":"np://user.desktop.nicepage.com/Site_38157201/images/hghhy.jpg","size":32173,"hash":"DTevZzFXDl6ShUj58OKnBXdT49c=","fileName":"hghhy.jpg","name":"hghhy","width":1980,"height":1320,"thumbnail":{"url":"np://user.desktop.nicepage.com/Site_38157201/images/thumbnails/hghhy.jpg","width":250,"height":167},"folderId":null,"originalUrl":"//images01.nicepagecdn.com/c461c07a441a5d220e8feb1a/f8ab9531161a5a48ba9f33a8/hghhy.jpg","usages":["250869743"]}]