[{"id":22965924,"title":"Blog Template","order":1,"templateKey":"blog","customTemplate":false,"customTemplateFilename":null,"pageLinks":[],"dateCreated":"2023-10-12T12:56:48.874Z","dateUpdated":"2023-10-12T12:56:51.222Z","folderId":null,"pageName":"Blog Template","serverPageId":null,"status":2,"backwardUrl":null},{"id":63378791,"title":"Post Template","order":2,"templateKey":"post","customTemplate":false,"customTemplateFilename":null,"pageLinks":[],"dateCreated":"2023-10-12T12:56:49.082Z","dateUpdated":"2023-10-12T12:56:51.222Z","folderId":null,"pageName":"Post Template","serverPageId":null,"status":2,"backwardUrl":null},{"id":56080848,"title":"Product List Template","order":3,"templateKey":"products","customTemplate":false,"customTemplateFilename":null,"pageLinks":[],"dateCreated":"2023-10-12T12:56:49.304Z","dateUpdated":"2023-10-12T12:56:51.223Z","folderId":null,"pageName":"Product List Template","serverPageId":null,"status":2,"backwardUrl":null},{"id":83904278,"title":"Product Details Template","order":4,"templateKey":"product","customTemplate":false,"customTemplateFilename":null,"pageLinks":[],"dateCreated":"2023-10-12T12:56:49.535Z","dateUpdated":"2023-10-12T12:56:51.223Z","folderId":null,"pageName":"Product Details Template","serverPageId":null,"status":2,"backwardUrl":null},{"id":122705193,"title":"Shopping Cart Template","order":5,"templateKey":"cart","customTemplate":false,"customTemplateFilename":null,"pageLinks":[],"dateCreated":"2023-10-12T12:56:49.732Z","dateUpdated":"2023-10-12T12:56:51.223Z","folderId":null,"pageName":"Shopping Cart Template","serverPageId":null,"status":2,"backwardUrl":null},{"id":30515283,"title":"Checkout Template","order":6,"templateKey":"checkout","customTemplate":false,"customTemplateFilename":null,"pageLinks":[],"dateCreated":"2023-10-12T12:56:50.200Z","dateUpdated":"2023-10-12T12:56:51.223Z","folderId":null,"pageName":"Checkout Template","serverPageId":null,"status":2,"backwardUrl":null},{"id":55550422,"title":"Login Template","order":7,"templateKey":"login","customTemplate":false,"customTemplateFilename":null,"pageLinks":[],"dateCreated":"2023-10-12T12:56:50.365Z","dateUpdated":"2023-10-12T12:56:51.223Z","folderId":null,"pageName":"Login Template","serverPageId":null,"status":2,"backwardUrl":null},{"id":1133119884,"title":"Page Password Template","order":8,"templateKey":"password","customTemplate":false,"customTemplateFilename":null,"pageLinks":[],"dateCreated":"2023-10-12T12:56:50.473Z","dateUpdated":"2023-10-12T12:56:51.223Z","folderId":null,"pageName":"Page Password Template","serverPageId":null,"status":2,"backwardUrl":null},{"id":22556142,"title":"404 Not Found Template","order":9,"templateKey":"404","customTemplate":false,"customTemplateFilename":null,"pageLinks":[],"dateCreated":"2023-10-12T12:56:50.569Z","dateUpdated":"2023-10-12T12:56:51.223Z","folderId":null,"pageName":"404 Not Found Template","serverPageId":null,"status":2,"backwardUrl":null},{"id":216868010,"title":"Thank You Page Template","order":10,"templateKey":"ThankYou","customTemplate":false,"customTemplateFilename":null,"pageLinks":[],"dateCreated":"2023-10-12T12:56:50.661Z","dateUpdated":"2023-10-12T12:56:51.224Z","folderId":null,"pageName":"Thank You Page Template","serverPageId":null,"status":2,"backwardUrl":null},{"id":264842629,"title":"Home","order":50,"templateKey":null,"customTemplate":false,"customTemplateFilename":null,"pageLinks":[],"dateCreated":"2023-10-12T12:59:33.681Z","dateUpdated":"2023-10-12T13:01:34.936Z","folderId":null,"pageName":"Home_264842629","serverPageId":null,"status":2,"backwardUrl":null},{"id":64604482,"title":"About","order":100,"templateKey":null,"customTemplate":false,"customTemplateFilename":null,"pageLinks":[],"dateCreated":"2023-10-12T12:56:50.729Z","dateUpdated":"2023-10-12T12:56:51.224Z","folderId":null,"pageName":"About_64604482","serverPageId":null,"status":2,"backwardUrl":null},{"id":184216555,"title":"Contact","order":101,"templateKey":null,"customTemplate":false,"customTemplateFilename":null,"pageLinks":[],"dateCreated":"2023-10-12T12:56:50.780Z","dateUpdated":"2023-10-12T12:56:51.224Z","folderId":null,"pageName":"Contact_184216555","serverPageId":null,"status":2,"backwardUrl":null},{"id":250869743,"title":"Page 1","order":102,"templateKey":null,"customTemplate":false,"customTemplateFilename":null,"pageLinks":[],"dateCreated":"2023-10-12T13:02:11.448Z","dateUpdated":"2023-10-12T17:26:40.444Z","folderId":null,"pageName":"Page 1_250869743","serverPageId":null,"status":2,"backwardUrl":null}]